gene_combination_unordered,gene_a,gene_b,ko_a_in_wt,ko_a_in_wt_bootstrap_median,ko_a_in_wt_bootstrap_mean,ko_a_in_wt_97.5P,ko_a_in_wt_2.5P,ko_a_in_wt_pvalue_twoside,ko_b_in_wt,ko_b_in_wt_bootstrap_median,ko_b_in_wt_bootstrap_mean,ko_b_in_wt_97.5P,ko_b_in_wt_2.5P,ko_b_in_wt_pvalue_twoside,ko_a_in_b_ko,ko_a_in_b_ko_bootstrap_median,ko_a_in_b_ko_bootstrap_mean,ko_a_in_b_ko_97.5P,ko_a_in_b_ko_2.5P,ko_a_in_b_ko_pvalue_twoside,ko_b_in_a_ko,ko_b_in_a_ko_bootstrap_median,ko_b_in_a_ko_bootstrap_mean,ko_b_in_a_ko_97.5P,ko_b_in_a_ko_2.5P,ko_b_in_a_ko_pvalue_twoside,observed_double_ko,observed_double_ko_bootstrap_median,observed_double_ko_bootstrap_mean,observed_double_ko_97.5P,observed_double_ko_2.5P,observed_double_ko_pvalue_twoside,expected_double_ko,expected_double_ko_bootstrap_median,expected_double_ko_bootstrap_mean,expected_double_ko_97.5P,expected_double_ko_2.5P,expected_double_ko_pvalue_twoside,epistasis,epistasis_bootstrap_median,epistasis_bootstrap_mean,epistasis_97.5P,epistasis_2.5P,epistasis_pvalue_twoside,epistasis_pvalue_twoside_FDR,Mouse_genotype
Arid1a_Keap1_Safe,Arid1a,Keap1,0.30929505627630255,0.2914265261393397,0.2944663595546083,0.5935606211292093,0.0140246776303007,0.03600000000000003,-0.1491815371890891,-0.1538891718546062,-0.15009650587623544,0.10613409149742711,-0.3844758141334547,0.228,0.4603837252289736,0.47663200152068386,0.471862562846762,0.7604990834095313,0.17033843942950225,0.0040000000000000036,0.0019071317635819263,0.023391040648336997,0.027299697415918273,0.4178843927528143,-0.3485100035654811,0.8819999999999999,0.3112021880398845,0.31618117362525977,0.3217660569705266,0.5969980378461918,0.0724685393193065,0.0040000000000000036,0.16011351908721344,0.14604213697133558,0.14436985367837288,0.5126833790918426,-0.22429870578889405,0.482,0.15108866895267103,0.17781350112321237,0.1773962032921537,0.6140414771748146,-0.24445441483786587,0.4019999999999999,0.7616842105263156,KTCas12a
Arid1a_Lkb1_Safe,Arid1a,Lkb1,0.30929505627630255,0.2914265261393397,0.2944663595546083,0.5935606211292093,0.0140246776303007,0.03600000000000003,0.8157065489465125,0.8088310749952892,0.8104855561965698,1.0932592417750058,0.5295875038165894,0.0,0.09532231675874059,0.10176161947477846,0.097793200533456,0.4854275055679098,-0.2649004295008631,0.5980000000000001,0.6017338094289506,0.6142877929457868,0.6138123971754176,0.9545274137074902,0.2542957001762097,0.0,0.9110288657052531,0.9093113738271962,0.9082787567300259,1.1427198108227874,0.6719373644719245,0.0,1.1250016052228151,1.107074684960843,1.1049519157511782,1.5323526470809152,0.6674663529549723,0.0,-0.21397273951756202,-0.20138011346533646,-0.19667315902115234,0.2743546933097987,-0.6727958164371107,0.4,0.7616842105263156,KTCas12a
Arid1a_Mga_Safe,Arid1a,Mga,0.30929505627630255,0.2914265261393397,0.2944663595546083,0.5935606211292093,0.0140246776303007,0.03600000000000003,0.31354295527767895,0.30472484148747275,0.3111355341480473,0.5417054174156853,0.10647204152987541,0.0040000000000000036,-0.016581545872086323,-0.006437265023692046,-0.011750934370295963,0.28987601847774996,-0.33256788419476035,0.96,-0.012333646870709924,0.0041489812187811,0.004918240223142984,0.32054103261776,-0.3154816759541218,0.986,0.2969614094055926,0.2989428588730403,0.2993845997777513,0.4873419296440085,0.10075036716807956,0.0020000000000000018,0.6228380115539816,0.6030526745898153,0.6056018937026556,0.982601649566046,0.2514560238171285,0.0,-0.3258766021483889,-0.30206183490655547,-0.3062172939249043,0.09218156366547738,-0.7440898355444742,0.134,0.536,KTCas12a
Arid1a_Rb1_Safe,Arid1a,Rb1,0.30929505627630255,0.2914265261393397,0.2944663595546083,0.5935606211292093,0.0140246776303007,0.03600000000000003,0.5008684683018451,0.4556530599288915,0.4748852570451421,0.9989266670328689,0.06804463428153033,0.018000000000000016,0.5890360352907821,0.6111017427084083,0.6005805490530085,1.0098317352201482,0.15912458602003657,0.006000000000000005,0.7806094473163245,0.7731566464467818,0.7809994465435424,1.2048187624876825,0.3728630476068365,0.0,1.0899045035926271,1.0751906683496075,1.0754658060981506,1.407547315373865,0.744893341568192,0.0,0.8101635245781476,0.7634017464242766,0.7693516165997505,1.3692467337896395,0.2122471038532096,0.006000000000000005,0.2797409790144796,0.3122085975624378,0.3061141894984002,0.8868714279960025,-0.22428905691045478,0.266,0.6569999999999999,KTCas12a
Arid1a_Rbm10_Safe,Arid1a,Rbm10,0.30929505627630255,0.2914265261393397,0.2944663595546083,0.5935606211292093,0.0140246776303007,0.03600000000000003,0.26889425075962287,0.2691662648206865,0.26734365361504175,0.4733141319048472,0.051416641701984754,0.008000000000000007,0.13601751891512048,0.12734484169949462,0.12753202106191242,0.4513658933358098,-0.1883335592003389,0.45599999999999996,0.0956167133984408,0.09964530374851144,0.10040931512234587,0.3545902039490053,-0.18388905719226226,0.472,0.40491176967474335,0.38890764662763266,0.39487567467695417,0.6575617274292723,0.15594712677566386,0.0020000000000000018,0.5781893070359254,0.5616390486453755,0.5618100131696501,0.9107849321627908,0.2193359531964894,0.0,-0.17327753736118207,-0.1640059536456489,-0.16693433849269593,0.17181428286146164,-0.5212918864178712,0.38,0.7616842105263156,KTCas12a
Arid1a_Safe_Tet2,Arid1a,Tet2,0.30929505627630255,0.2914265261393397,0.2944663595546083,0.5935606211292093,0.0140246776303007,0.03600000000000003,0.09326431117608285,0.0888381635122969,0.08946312556949153,0.31409235002987307,-0.14521672314912737,0.4139999999999999,-0.007432236491432251,-0.016787022476904855,-0.011861865141883787,0.22003858507220164,-0.24700458596199967,0.88,-0.22346298159165195,-0.21137209836204862,-0.2168650991270006,0.10039536806823078,-0.5408325836556284,0.204,0.0858320746846506,0.08203142090789811,0.07760126042760775,0.2643288777317527,-0.11606101275499278,0.43999999999999995,0.4025593674523854,0.3849136018265594,0.3839294851240998,0.7536347698554019,0.005551612969566957,0.04600000000000004,-0.3167272927677348,-0.3108775600506191,-0.3063282246964922,0.047114242461259954,-0.6629450254547983,0.09,0.536,KTCas12a
Arid1a_Safe_Trp53,Arid1a,Trp53,0.30929505627630255,0.2914265261393397,0.2944663595546083,0.5935606211292093,0.0140246776303007,0.03600000000000003,0.21372413288620049,0.19821000506328007,0.2098866834574598,0.4780082930832158,-0.020251775010092524,0.08000000000000007,0.3208974802071195,0.3424928264051781,0.33275925132791856,0.6388022297985875,-0.004992425742489504,0.052000000000000046,0.22532655681701746,0.24832122950602944,0.24817957523077003,0.6202568336154628,-0.10431871688468528,0.16799999999999993,0.53462161309332,0.5352910078246409,0.5426459347853784,0.7767358521730579,0.31440105817246994,0.0,0.523019189162503,0.5047494212492551,0.5043530430120682,0.9259912118244717,0.12369873777982568,0.006000000000000005,0.011602423930817007,0.0513866127277566,0.03829289177331021,0.46893361793232535,-0.4088163347859939,0.8300000000000001,0.9648,KTCas12a
Arid1a_Safe_Tsc2,Arid1a,Tsc2,0.30929505627630255,0.2914265261393397,0.2944663595546083,0.5935606211292093,0.0140246776303007,0.03600000000000003,0.6547368562680672,0.6589732056945357,0.6596198753988829,0.9233493421864847,0.41644536901167817,0.0,0.08707736132156663,0.08324758457181175,0.08437979768892102,0.41015129647762816,-0.24046543942518742,0.6399999999999999,0.4325191613133313,0.44546163730707833,0.44953331353319553,0.8112176721863162,0.13915948529041292,0.0040000000000000036,0.7418142175896338,0.7456485968907367,0.7439996730878039,1.0149095359791833,0.46832283672664843,0.0,0.9640319125443697,0.9527122382621123,0.9540862349534912,1.350380135885003,0.5633967270681759,0.0,-0.22221769495473587,-0.21616925754568184,-0.2100865618656873,0.19987710505751122,-0.5920527689568558,0.292,0.6569999999999999,KTCas12a
Keap1_Lkb1_Safe,Keap1,Lkb1,-0.1491815371890891,-0.1538891718546062,-0.15009650587623544,0.10613409149742711,-0.3844758141334547,0.228,0.8157065489465125,0.8088310749952892,0.8104855561965698,1.0932592417750058,0.5295875038165894,0.0,-0.24779550984843568,-0.24627936885600943,-0.23606334795765785,0.16337654442959848,-0.6015181752410612,0.236,0.7170925762871659,0.7309649389089068,0.7245187141151475,1.0168537125544657,0.387961457326675,0.0,0.5679110390980768,0.5720409171321321,0.5744222082389119,0.8458148869256455,0.34028061841994306,0.0,0.6665250117574234,0.6572835583783043,0.6603890503203345,1.0337846175783008,0.2851931706357969,0.0,-0.09861397265934657,-0.0876101401404204,-0.0859668420814224,0.32910985574271356,-0.5005908869159852,0.688,0.9526153846153845,KTCas12a
Keap1_Mga_Safe,Keap1,Mga,-0.1491815371890891,-0.1538891718546062,-0.15009650587623544,0.10613409149742711,-0.3844758141334547,0.228,0.31354295527767895,0.30472484148747275,0.3111355341480473,0.5417054174156853,0.10647204152987541,0.0040000000000000036,-0.43865969540135424,-0.434890522592119,-0.43626215251339884,-0.16542534722305433,-0.7433858965369778,0.002,0.024064797065413812,0.03251422095498481,0.024969887510883793,0.29790175057283064,-0.2977094554170821,0.8420000000000001,-0.1251167401236753,-0.1222471510811998,-0.12512661836535163,0.0609966805738802,-0.30828619524243916,0.188,0.16436141808858984,0.15987007309096868,0.16103902827181185,0.49108592072998836,-0.15056256040188126,0.3340000000000001,-0.28947815821226514,-0.28075829884041037,-0.2861656466371635,0.05192722438541396,-0.6739999230802982,0.118,0.536,KTCas12a
Keap1_Rb1_Safe,Keap1,Rb1,-0.1491815371890891,-0.1538891718546062,-0.15009650587623544,0.10613409149742711,-0.3844758141334547,0.228,0.5008684683018451,0.4556530599288915,0.4748852570451421,0.9989266670328689,0.06804463428153033,0.018000000000000016,-0.13860816153050975,-0.09894538933088995,-0.11969224461564079,0.32595414409022794,-0.6749597897015699,0.76,0.5114418439604245,0.5197537585044096,0.5052895183057368,0.7838066947808398,0.1674931114779087,0.006000000000000005,0.3622603067713353,0.35494151723550765,0.35519301242950135,0.5460518228455205,0.17164471258267147,0.0,0.35168693111275595,0.3144639447685389,0.32478875116890676,0.9519532534728884,-0.21324940787250768,0.30200000000000005,0.010573375658579354,0.046181308217640105,0.030404261260594638,0.59051589178926,-0.6046395666595458,0.8819999999999999,0.9648,KTCas12a
Keap1_Rbm10_Safe,Keap1,Rbm10,-0.1491815371890891,-0.1538891718546062,-0.15009650587623544,0.10613409149742711,-0.3844758141334547,0.228,0.26889425075962287,0.2691662648206865,0.26734365361504175,0.4733141319048472,0.051416641701984754,0.008000000000000007,-0.30372303840258374,-0.2970856436820044,-0.3021936235456841,-0.028510315402929826,-0.6108003007242511,0.024,0.1143527495461282,0.1269258790370506,0.11524653594559316,0.39630508345651017,-0.2246304047913584,0.46799999999999997,-0.0348287876429609,-0.03646251762453473,-0.03484996993064227,0.17519148942042415,-0.24719390059693971,0.772,0.11971271357053376,0.1194662309690714,0.11724714773880636,0.4530032254985671,-0.19913321355809938,0.514,-0.15454150121349466,-0.13788724392450025,-0.15209711766944864,0.2066015193526643,-0.5507812471765622,0.46,0.8262857142857143,KTCas12a
Keap1_Safe_Tet2,Keap1,Tet2,-0.1491815371890891,-0.1538891718546062,-0.15009650587623544,0.10613409149742711,-0.3844758141334547,0.228,0.09326431117608285,0.0888381635122969,0.08946312556949153,0.31409235002987307,-0.14521672314912737,0.4139999999999999,-0.2570455425981712,-0.25000209499286163,-0.25167127409137385,-0.0013924854580600165,-0.4889190511158374,0.048,-0.014599694232999255,-0.006591682052304676,-0.0121116426456469,0.23963945881029164,-0.3073094110342703,0.962,-0.16378123142208836,-0.158172711240052,-0.1622081485218823,-0.029981372697067164,-0.30783330052901126,0.024,-0.05591722601300626,-0.06099835243733354,-0.06063338030674391,0.2675311261977335,-0.38558762762143317,0.694,-0.1078640054090821,-0.09815487610891566,-0.10157476821513842,0.21295360599961213,-0.42058468101318447,0.52,0.8509090909090908,KTCas12a
Keap1_Safe_Trp53,Keap1,Trp53,-0.1491815371890891,-0.1538891718546062,-0.15009650587623544,0.10613409149742711,-0.3844758141334547,0.228,0.21372413288620049,0.19821000506328007,0.2098866834574598,0.4780082930832158,-0.020251775010092524,0.08000000000000007,0.1721763317492502,0.1795781273649219,0.17164831495874308,0.4364791286669918,-0.1291767028044074,0.246,0.5350820018245398,0.5366179381229189,0.5316315042924384,0.7935377520192671,0.2265579850722517,0.0,0.3859004646354507,0.3818541300583704,0.3815349984162029,0.5368207347469834,0.22410580532512814,0.0,0.06454259569711138,0.05167363572576406,0.059790177581224416,0.466296340087889,-0.28979362213541005,0.8140000000000001,0.3213578689383393,0.33782194239678787,0.3217448208349785,0.6945115713379441,-0.12811042909294348,0.1180000000000001,0.536,KTCas12a
Keap1_Safe_Tsc2,Keap1,Tsc2,-0.1491815371890891,-0.1538891718546062,-0.15009650587623544,0.10613409149742711,-0.3844758141334547,0.228,0.6547368562680672,0.6589732056945357,0.6596198753988829,0.9233493421864847,0.41644536901167817,0.0,-0.2550621560783674,-0.2587268374699795,-0.25245537532756557,0.09026480124760726,-0.562512344459821,0.142,0.5488562373787889,0.5588968819325306,0.5572610059475528,0.848793513739205,0.25018501518684344,0.0,0.3996747001896998,0.39957923597872697,0.4071645000713173,0.6667741083783228,0.1827299792085144,0.0,0.5055553190789781,0.5090074203951717,0.5095233695226474,0.9018289651952918,0.14762847784177252,0.008000000000000007,-0.1058806188892783,-0.11018983974261001,-0.10235886945133015,0.2909827316115917,-0.49077989050492055,0.62,0.9388799999999999,KTCas12a
Lkb1_Mga_Safe,Lkb1,Mga,0.8157065489465125,0.8088310749952892,0.8104855561965698,1.0932592417750058,0.5295875038165894,0.0,0.31354295527767895,0.30472484148747275,0.3111355341480473,0.5417054174156853,0.10647204152987541,0.0040000000000000036,0.8011521074732504,0.7895720524870549,0.785127957120226,1.1157191505087554,0.4174626901274348,0.0,0.2989885138044168,0.28652739506842995,0.28577793507170357,0.6475831452041088,-0.08414187081698953,0.1359999999999999,1.1146950627509293,1.1020621464968987,1.0962634912682734,1.366620465661419,0.8158944572447037,0.0,1.1292495042241915,1.1262229139198736,1.121621090344617,1.483627526941655,0.7680455250967995,0.0,-0.014554441473262125,-0.01665472220319153,-0.02535759907634374,0.4254650242729258,-0.486021617663686,0.932,0.9648,KTCas12a
Lkb1_Rb1_Safe,Lkb1,Rb1,0.8157065489465125,0.8088310749952892,0.8104855561965698,1.0932592417750058,0.5295875038165894,0.0,0.5008684683018451,0.4556530599288915,0.4748852570451421,0.9989266670328689,0.06804463428153033,0.018000000000000016,1.2628910613745599,1.2595857811141826,1.2631149765933756,1.8914141281880334,0.6083836195747212,0.0,0.9480529807298925,0.922462692644578,0.9275146774419477,1.4221898401889437,0.4324535773815906,0.0,1.763759529676405,1.7227738560214543,1.7380002336385176,2.2475597522987623,1.287218648430118,0.0,1.3165750172483577,1.2737179091498527,1.285370813241712,1.8925012458645634,0.7133638863203596,0.0,0.44718451242804735,0.4527440993584707,0.45262942039680554,1.0970923598746334,-0.2492315544295811,0.19199999999999995,0.5939999999999999,KTCas12a
Lkb1_Rbm10_Safe,Lkb1,Rbm10,0.8157065489465125,0.8088310749952892,0.8104855561965698,1.0932592417750058,0.5295875038165894,0.0,0.26889425075962287,0.2691662648206865,0.26734365361504175,0.4733141319048472,0.051416641701984754,0.008000000000000007,0.8290393025630858,0.8159479550562119,0.8178588834355809,1.1243824826628044,0.49761884787479754,0.0,0.2822270043761961,0.27590506252173613,0.2747169808540527,0.5816625608319521,-0.07145578063406649,0.1100000000000001,1.0979335533227086,1.0851329217460766,1.0852025370506226,1.333071800943001,0.7909799037082879,0.0,1.0846007997061353,1.073162955098308,1.0778292098116118,1.4386247986111633,0.6899941464723364,0.0,0.013332753616573267,0.014696746237840896,0.007373327239010955,0.3769471373821591,-0.3817788310688513,0.938,0.9648,KTCas12a
Lkb1_Safe_Tet2,Lkb1,Tet2,0.8157065489465125,0.8088310749952892,0.8104855561965698,1.0932592417750058,0.5295875038165894,0.0,0.09326431117608285,0.0888381635122969,0.08946312556949153,0.31409235002987307,-0.14521672314912737,0.4139999999999999,0.7935201388130608,0.7849514092399804,0.7815430906530249,1.0879050532648455,0.4454749672255544,0.0,0.07107790104263112,0.06301284336758772,0.06052066002594653,0.41208751328885285,-0.31012423385726157,0.718,0.8867844499891436,0.8716625460923695,0.8710062162225164,1.1668516094957648,0.5631374871764998,0.0,0.9089708601225953,0.8971094629294072,0.8999486817660615,1.2838190725245313,0.5304990186567607,0.0,-0.022186410133451684,-0.020927570700223053,-0.028942465543544994,0.3563739386385942,-0.4543773077722541,0.906,0.9648,KTCas12a
Lkb1_Safe_Trp53,Lkb1,Trp53,0.8157065489465125,0.8088310749952892,0.8104855561965698,1.0932592417750058,0.5295875038165894,0.0,0.21372413288620049,0.19821000506328007,0.2098866834574598,0.4780082930832158,-0.020251775010092524,0.08000000000000007,1.2227387669155485,1.2144369886604598,1.2140236976565926,1.5903616091795605,0.8622515076486991,0.0,0.6207563508552365,0.6098417052721653,0.6134248249174826,1.0269155915498371,0.2124869090949549,0.0040000000000000036,1.436462899801749,1.4201989905570804,1.4239103811140523,1.8149078076199172,1.06317391351425,0.0,1.029430681832713,1.0064225674298268,1.0203722396540298,1.4409581550371147,0.6153435458547467,0.0,0.407032217969036,0.4090071328791623,0.4035381414600227,0.8176110624406593,-0.00840129692043281,0.052000000000000046,0.536,KTCas12a
Lkb1_Safe_Tsc2,Lkb1,Tsc2,0.8157065489465125,0.8088310749952892,0.8104855561965698,1.0932592417750058,0.5295875038165894,0.0,0.6547368562680672,0.6589732056945357,0.6596198753988829,0.9233493421864847,0.41644536901167817,0.0,0.6954834952326804,0.6879796340007287,0.6954584725551588,1.1070816482192907,0.3219276870089212,0.0,0.5345138025542351,0.5300862260704644,0.5445927917574719,1.0164577354824176,0.14839631444192225,0.0040000000000000036,1.3502203515007476,1.342666955036123,1.3550783479540418,1.7165034770374201,1.022132417431497,0.0,1.4704434052145796,1.4720771956235401,1.4701054315954527,1.875679188041751,1.0776073957721255,0.0,-0.12022305371383202,-0.13405931302383411,-0.11502708364141098,0.38416336831642284,-0.5887006439676259,0.646,0.9388799999999999,KTCas12a
Mga_Rb1_Safe,Mga,Rb1,0.31354295527767895,0.30472484148747275,0.3111355341480473,0.5417054174156853,0.10647204152987541,0.0040000000000000036,0.5008684683018451,0.4556530599288915,0.4748852570451421,0.9989266670328689,0.06804463428153033,0.018000000000000016,0.6451171017236969,0.6668202058812068,0.6627361036395928,1.0343303780172064,0.2647189605683411,0.0,0.832442614747863,0.8281145565139817,0.8264858265366876,1.2842621483828671,0.37825255369972427,0.0020000000000000018,1.145985570025542,1.131467602182581,1.1376213606847347,1.5769742916542402,0.7188636926174027,0.0,0.814411423579524,0.769566535230652,0.7860207911931893,1.3749654329467025,0.2799439148251072,0.0,0.3315741464460179,0.3678645206634206,0.3516005694915454,0.7659681750421681,-0.10246287860215718,0.1299999999999999,0.536,KTCas12a
Mga_Rbm10_Safe,Mga,Rbm10,0.31354295527767895,0.30472484148747275,0.3111355341480473,0.5417054174156853,0.10647204152987541,0.0040000000000000036,0.26889425075962287,0.2691662648206865,0.26734365361504175,0.4733141319048472,0.051416641701984754,0.008000000000000007,0.09129323316919008,0.07942899091610453,0.08418704614470002,0.35725205811034627,-0.183792245612365,0.554,0.046644528651134,0.03754197552995778,0.04039516561169454,0.31728614183028225,-0.23247370403135312,0.748,0.36018748392881295,0.35268749688681805,0.3515306997597418,0.5726173292123585,0.1605014294744238,0.0,0.5824372060373018,0.5753176414671506,0.578479187763089,0.8891819585475218,0.2790576272924205,0.0,-0.2222497221084888,-0.23143145032457593,-0.22694848800334724,0.09961226689172512,-0.53624595141623,0.19,0.5939999999999999,KTCas12a
Mga_Safe_Tet2,Mga,Tet2,0.31354295527767895,0.30472484148747275,0.3111355341480473,0.5417054174156853,0.10647204152987541,0.0040000000000000036,0.09326431117608285,0.0888381635122969,0.08946312556949153,0.31409235002987307,-0.14521672314912737,0.4139999999999999,0.3606676809477091,0.358057471220236,0.35746709468189963,0.6945112161863974,0.04404583548548541,0.02400000000000002,0.14038903684611304,0.13088865362120244,0.13579468610334397,0.41756623932261133,-0.1399949088893509,0.3320000000000001,0.453931992123792,0.44420890272345354,0.44693022025139123,0.6720601035492386,0.2523230417384055,0.0,0.4068072664537618,0.398657314526318,0.4005986597175388,0.694359184750446,0.10514562543081123,0.008000000000000007,0.047124725670030176,0.038599431112715216,0.04633156053385243,0.43296183837560354,-0.3132604918337741,0.808,0.9648,KTCas12a
Mga_Safe_Trp53,Mga,Trp53,0.31354295527767895,0.30472484148747275,0.3111355341480473,0.5417054174156853,0.10647204152987541,0.0040000000000000036,0.21372413288620049,0.19821000506328007,0.2098866834574598,0.4780082930832158,-0.020251775010092524,0.08000000000000007,0.5552599558741645,0.5736577641449584,0.5685130565912422,0.854893500365646,0.21755604107610235,0.006000000000000005,0.4554411334826861,0.4682843860011939,0.4672642059006548,0.7612792249983188,0.1626703384310007,0.0020000000000000018,0.7689840887603651,0.7754402868046913,0.778399740048702,0.9556486066238276,0.5964894839539941,0.0,0.5272670881638795,0.517723983324573,0.521022217605507,0.8513325868279309,0.19654867599812292,0.0,0.2417170005964856,0.26894421697275,0.25737752244319495,0.6344559716309632,-0.16540574715677892,0.19799999999999995,0.5939999999999999,KTCas12a
Mga_Safe_Tsc2,Mga,Tsc2,0.31354295527767895,0.30472484148747275,0.3111355341480473,0.5417054174156853,0.10647204152987541,0.0040000000000000036,0.6547368562680672,0.6589732056945357,0.6596198753988829,0.9233493421864847,0.41644536901167817,0.0,0.32491496115183705,0.31437468808290914,0.31242868945949454,0.6900807105808181,-0.09022494980503747,0.1080000000000001,0.6661088621422253,0.6557276235695771,0.6609130307103301,1.001004969855821,0.31516765308005146,0.0,0.9796518174199043,0.9707334455105796,0.9720485648583774,1.257120360438297,0.6746065214672815,0.0,0.9682798115457462,0.9686656983803745,0.9707554095469302,1.2996073997211106,0.6450347275290262,0.0,0.011372005874158098,0.0004700838147383424,0.001293155311447264,0.41623099818229337,-0.4101948541149903,0.998,0.9979999999999999,KTCas12a
Rb1_Rbm10_Safe,Rb1,Rbm10,0.5008684683018451,0.4556530599288915,0.4748852570451421,0.9989266670328689,0.06804463428153033,0.018000000000000016,0.26889425075962287,0.2691662648206865,0.26734365361504175,0.4733141319048472,0.051416641701984754,0.008000000000000007,0.575493703793744,0.5693006061169597,0.5666147967107783,0.9087448491552365,0.2350153842645722,0.0,0.34351948625152173,0.3712804020425114,0.3590731932806779,0.7023407102352888,-0.0576637430416299,0.07600000000000007,0.8443879545533668,0.8327796022378322,0.8339584503258199,1.1625881435150314,0.540484145805601,0.0,0.769762719061468,0.7168017556483768,0.7422289106601839,1.3550915538268378,0.24049719769238184,0.0,0.07462523549189881,0.1045638000189234,0.0917295396656361,0.5098891469382787,-0.36534982566656776,0.6519999999999999,0.9388799999999999,KTCas12a
Rb1_Safe_Tet2,Rb1,Tet2,0.5008684683018451,0.4556530599288915,0.4748852570451421,0.9989266670328689,0.06804463428153033,0.018000000000000016,0.09326431117608285,0.0888381635122969,0.08946312556949153,0.31409235002987307,-0.14521672314912737,0.4139999999999999,0.7226979904050814,0.7080576767286688,0.709672507917793,1.1174310940987802,0.3217454011086759,0.0,0.31509383327931917,0.3281420878659034,0.3242503764421424,0.6870956562808704,-0.07133979142520923,0.09800000000000009,0.8159623015811642,0.7983055593895703,0.7991356334872847,1.125483124173091,0.4764832037507057,0.0,0.5941327794779279,0.5539060345944489,0.5643483826146337,1.037713254824901,0.10801240745730896,0.014000000000000012,0.22182952210323637,0.23546783054712955,0.23478725087265093,0.6228625799733399,-0.1479322482767861,0.252,0.6569999999999999,KTCas12a
Rb1_Safe_Trp53,Rb1,Trp53,0.5008684683018451,0.4556530599288915,0.4748852570451421,0.9989266670328689,0.06804463428153033,0.018000000000000016,0.21372413288620049,0.19821000506328007,0.2098866834574598,0.4780082930832158,-0.020251775010092524,0.08000000000000007,1.3852439136562555,1.3951688018762836,1.393226301411973,1.7619657550648524,1.0131439320555242,0.0,1.0980995782406109,1.1327902929989722,1.1282277278242907,1.5579519385916023,0.6817729884724911,0.0,1.598968046542456,1.593202785652343,1.6031129848694328,1.930723420368075,1.301597728640237,0.0,0.7145926011880456,0.6623179306887799,0.6847719405026019,1.33392425553551,0.1561845228909129,0.008000000000000007,0.8843754453544105,0.9221651606579462,0.9183410443668308,1.4470657207344197,0.3661133759204465,0.0040000000000000036,0.07200000000000006,KTCas12a
Rb1_Safe_Tsc2,Rb1,Tsc2,0.5008684683018451,0.4556530599288915,0.4748852570451421,0.9989266670328689,0.06804463428153033,0.018000000000000016,0.6547368562680672,0.6589732056945357,0.6596198753988829,0.9233493421864847,0.41644536901167817,0.0,1.6641436144272506,1.646330599600664,1.6528604612074131,2.1255790131080814,1.1783224581058518,0.0,1.818012002393473,1.8539220020612444,1.837595079561154,2.387277895025883,1.2672339514341124,0.0,2.318880470695318,2.3105160935454823,2.3124803366062965,2.740841068002132,1.8657790488729173,0.0,1.1556053245699123,1.125787553303312,1.1345051324440252,1.7047454015461143,0.6121307408080162,0.0,1.1632751461254056,1.1756269062980562,1.177975204162271,1.7876608759579946,0.5604485071061569,0.0,0.0,KTCas12a
Rbm10_Safe_Tet2,Rbm10,Tet2,0.26889425075962287,0.2691662648206865,0.26734365361504175,0.4733141319048472,0.051416641701984754,0.008000000000000007,0.09326431117608285,0.0888381635122969,0.08946312556949153,0.31409235002987307,-0.14521672314912737,0.4139999999999999,0.24990913938373632,0.24141516704371557,0.2462736106470716,0.5030199073198054,-0.01854190094399991,0.06400000000000006,0.07427919980019632,0.07064946603360545,0.06839308260152133,0.3175062817130472,-0.19915693550335656,0.5860000000000001,0.3431734505598192,0.3357049983526374,0.33573673621656314,0.496252539292211,0.17403971999328924,0.0,0.3621585619357057,0.3585498569623995,0.3568067791845333,0.6786116666361494,0.04278347768397564,0.02200000000000002,-0.018985111375886543,-0.02169737056365123,-0.02107004296797019,0.2990950437135482,-0.3649798732224661,0.9,0.9648,KTCas12a
Rbm10_Safe_Trp53,Rbm10,Trp53,0.26889425075962287,0.2691662648206865,0.26734365361504175,0.4733141319048472,0.051416641701984754,0.008000000000000007,0.21372413288620049,0.19821000506328007,0.2098866834574598,0.4780082930832158,-0.020251775010092524,0.08000000000000007,0.3105798362533475,0.3130011223011606,0.3145140698589555,0.6107586984741125,0.0070378638981424355,0.04200000000000004,0.25540971837992515,0.25463926759346256,0.2570570997013735,0.5256655303958713,-0.017645934862419183,0.06000000000000005,0.524303969139548,0.5168839200103963,0.5244007533164153,0.7587419538766474,0.3200562096615116,0.0,0.4826183836458233,0.47640134456017336,0.4772303370725016,0.8331574485869362,0.13810166418761438,0.008000000000000007,0.0416855854937247,0.043179941303046115,0.04717041624391372,0.3924078365474976,-0.3169978486660499,0.77,0.9648,KTCas12a
Rbm10_Safe_Tsc2,Rbm10,Tsc2,0.26889425075962287,0.2691662648206865,0.26734365361504175,0.4733141319048472,0.051416641701984754,0.008000000000000007,0.6547368562680672,0.6589732056945357,0.6596198753988829,0.9233493421864847,0.41644536901167817,0.0,0.06327671561211401,0.05676159887582155,0.05988542253798466,0.3481273356962985,-0.23357211153044588,0.704,0.44911932112055836,0.45299451318465167,0.4521616443218258,0.7618511128310452,0.13869170532847386,0.006000000000000005,0.7180135718801812,0.7158960008656979,0.7195052979368675,0.9683004654497939,0.49789220812994184,0.0,0.9236311070276901,0.9273897294737355,0.9269635290139246,1.2889116510629137,0.5701022009383772,0.0,-0.2056175351475089,-0.21305079373435254,-0.20745823107705713,0.16770925239919407,-0.5949444586266801,0.274,0.6569999999999999,KTCas12a
Safe_Tet2_Trp53,Tet2,Trp53,0.09326431117608285,0.0888381635122969,0.08946312556949153,0.31409235002987307,-0.14521672314912737,0.4139999999999999,0.21372413288620049,0.19821000506328007,0.2098866834574598,0.4780082930832158,-0.020251775010092524,0.08000000000000007,0.4332399721713651,0.4450422150488185,0.4368523496429809,0.7237963136645894,0.11071484130039898,0.014000000000000012,0.5536997938814828,0.5508185221249324,0.5572759075309494,0.8100958738641693,0.2972444998022074,0.0,0.6469641050575656,0.6421569352587002,0.6467390331004408,0.8237623776284905,0.4689683794855067,0.0,0.3069884440622833,0.295494058912936,0.29934980902695135,0.6240321382674441,-0.0554497758076373,0.09600000000000009,0.3399756609952823,0.34906511421820213,0.34738922407348943,0.688721263650136,-0.01028924014324077,0.06000000000000005,0.536,KTCas12a
Safe_Tet2_Tsc2,Tet2,Tsc2,0.09326431117608285,0.0888381635122969,0.08946312556949153,0.31409235002987307,-0.14521672314912737,0.4139999999999999,0.6547368562680672,0.6589732056945357,0.6596198753988829,0.9233493421864847,0.41644536901167817,0.0,0.06168747898379712,0.060767467858584334,0.058072123740956785,0.3906073547233471,-0.25675218448893944,0.692,0.6231600240757815,0.6226791591139456,0.6282288735703482,0.9627221843711826,0.29941727648869687,0.0,0.7164243352518643,0.7157456042642822,0.7176919991398397,0.9897946875628425,0.4697943705134338,0.0,0.74800116744415,0.740574318088979,0.7490830009683743,1.1137226627899108,0.3828786802273936,0.0,-0.031576832192285686,-0.028176514708042055,-0.03139100182853473,0.3801030936376729,-0.44152372514031213,0.884,0.9648,KTCas12a
Safe_Trp53_Tsc2,Trp53,Tsc2,0.21372413288620049,0.19821000506328007,0.2098866834574598,0.4780082930832158,-0.020251775010092524,0.08000000000000007,0.6547368562680672,0.6589732056945357,0.6596198753988829,0.9233493421864847,0.41644536901167817,0.0,0.3582748252785969,0.36998354975857023,0.36306736332553863,0.681407606322619,0.0637859142320761,0.018000000000000016,0.7992875486604636,0.8148183108197787,0.8128005552669617,1.1429858483840998,0.47639798294474717,0.0,1.013011681546664,1.019325343398118,1.0226872387244217,1.2807714174765559,0.7924921881839329,0.0,0.8684609891542677,0.8633046316503492,0.8695065588563428,1.2697805967529514,0.4665427150971346,0.0,0.14455069239239637,0.1568851765603521,0.15318067986807882,0.5506460184254259,-0.24797635496985876,0.482,0.8262857142857143,KTCas12a
Arid1a_Keap1_Safe,Arid1a,Keap1,0.10832183892569938,0.11211454077542696,0.11249357180417863,0.440162162499966,-0.22369216522596533,0.502,0.03846890196285916,0.029240236342468723,0.03568025330418043,0.3534810597046078,-0.24351536343003882,0.8380000000000001,0.11353573103024064,0.12016826261397914,0.11528294087166316,0.38933305711929606,-0.1643638568638971,0.43399999999999994,0.043682794067400416,0.040767139288985926,0.038469622371664985,0.38677689138950444,-0.2783535891693023,0.8360000000000001,0.1520046329930998,0.14840168757685035,0.15096319417584356,0.3321230250124301,-0.020802605550660377,0.09600000000000009,0.14679074088855854,0.1311578704745967,0.14817382510835908,0.6546486888711885,-0.2985089205315489,0.5860000000000001,0.005213892104541262,0.01249226521839359,0.002789369067484553,0.42016357579481367,-0.4127041817156854,0.962,0.9759999999999999,KT
Arid1a_Lkb1_Safe,Arid1a,Lkb1,0.10832183892569938,0.11211454077542696,0.11249357180417863,0.440162162499966,-0.22369216522596533,0.502,0.08293357371168808,0.07177374055556404,0.07245641716975666,0.3308697460401925,-0.17045570309620578,0.53,-0.06368845760729619,-0.055885635963654846,-0.05357969682857562,0.2762807017167075,-0.3389128229979173,0.694,-0.08907672282130749,-0.09688319572535323,-0.09361685146299757,0.22914572619150003,-0.4068634832273133,0.534,0.019245116104391887,0.016037908026999555,0.01887672034118104,0.23801745617576817,-0.17845946786540753,0.8859999999999999,0.19125541263738746,0.1825596683908294,0.18494998897393528,0.6185299123786512,-0.23850633120241366,0.3999999999999999,-0.17201029653299557,-0.16707720452437397,-0.16607326863275423,0.22101826083693288,-0.5548707116498344,0.412,0.9759999999999999,KT
Arid1a_Mga_Safe,Arid1a,Mga,0.10832183892569938,0.11211454077542696,0.11249357180417863,0.440162162499966,-0.22369216522596533,0.502,0.1172197158587858,0.12092169307850732,0.11871158598570836,0.4089738907918326,-0.1831450711948408,0.43599999999999994,-0.2017543987567788,-0.208091204705083,-0.20353747924340715,0.14183893015714719,-0.5519525199146119,0.262,-0.1928565218236924,-0.20375951229814596,-0.19731946506187742,0.1928836073684549,-0.5848468324467094,0.346,-0.084534682897993,-0.08616963766763897,-0.08482589325769879,0.09562374825862649,-0.24152829794239125,0.288,0.22554155478448518,0.23640010976823883,0.23120515778988696,0.698273062410729,-0.2739375565520242,0.3540000000000001,-0.31007623768247816,-0.31485018400142917,-0.3160310510475858,0.22609964800757693,-0.794800433617181,0.272,0.8759999999999999,KT
Arid1a_Rb1_Safe,Arid1a,Rb1,0.10832183892569938,0.11211454077542696,0.11249357180417863,0.440162162499966,-0.22369216522596533,0.502,0.20449397022943375,0.18772565277296982,0.19150620221399867,0.525591429624765,-0.14527570501118667,0.256,-0.22098440514342912,-0.21043423946838363,-0.21313600976556252,0.1640545296110072,-0.5746400496587843,0.268,-0.12481227383969475,-0.1326391795059611,-0.13412337935574242,0.18780635803265455,-0.4940901526922941,0.462,-0.016490434913995367,-0.023590811992571903,-0.02162980755156385,0.15157569635412743,-0.17354397550199063,0.788,0.31281580915513313,0.3096792680758977,0.3039997740181773,0.8829814923154929,-0.21612162765559662,0.31000000000000005,-0.3293062440691285,-0.32215912573060645,-0.3256295815697411,0.1920813222188389,-0.9100555584785379,0.272,0.8759999999999999,KT
Arid1a_Rbm10_Safe,Arid1a,Rbm10,0.10832183892569938,0.11211454077542696,0.11249357180417863,0.440162162499966,-0.22369216522596533,0.502,-0.040853022115509216,-0.03689192781867488,-0.040251086439985255,0.18115561012829814,-0.2821131136542363,0.738,0.15124844485167835,0.1487805822650109,0.1464719507193316,0.3910492307776812,-0.09770032807413684,0.252,0.0020735838104697507,-0.007412636278275372,-0.006272707524832283,0.30699005818247277,-0.30990837397509824,0.934,0.11039542273616913,0.10225426589898165,0.10622086427934634,0.33090721759774216,-0.11094894907676618,0.3899999999999999,0.06746881681019017,0.0810269966951111,0.07224248536419335,0.5585988518547507,-0.4249051599008167,0.742,0.04292660592597897,0.0250280093848508,0.03397837891515297,0.45334553304260833,-0.3639568117147005,0.8919999999999999,0.9759999999999999,KT
Arid1a_Safe_Tet2,Arid1a,Tet2,0.10832183892569938,0.11211454077542696,0.11249357180417863,0.440162162499966,-0.22369216522596533,0.502,-0.0805222467724701,-0.08041276452490005,-0.0787744055896065,0.14871885701787574,-0.2874801953439888,0.456,0.06818658594938096,0.07440658208105644,0.06742988873800072,0.3632891106049633,-0.2684073240264028,0.6499999999999999,-0.12065749974878852,-0.11500370611394362,-0.12383808865578437,0.15737924093372366,-0.43113706504268673,0.424,-0.012335660823089139,-0.011680740797015518,-0.011344516851605757,0.19318950646799876,-0.21854451391045415,0.91,0.02779959215322929,0.026379267692011186,0.033719166214572126,0.4082803015813304,-0.3081273826802258,0.8779999999999999,-0.040135252976318425,-0.038014090617838975,-0.04506368306617788,0.27316320779753217,-0.38637129255950897,0.832,0.9759999999999999,KT
Arid1a_Safe_Trp53,Arid1a,Trp53,0.10832183892569938,0.11211454077542696,0.11249357180417863,0.440162162499966,-0.22369216522596533,0.502,-0.15759607396434708,-0.16262216087103054,-0.15841032371816766,0.09346783650754542,-0.41127721869848893,0.24,0.1629554972260358,0.16176349525096673,0.15186274482568252,0.5025834783748272,-0.2218489557891804,0.42999999999999994,-0.10296241566401065,-0.12563540643154325,-0.11904115069666377,0.34742358453954614,-0.5675147761349667,0.618,0.005359423261688729,-0.006463106952731923,-0.006547578892485154,0.1911359449685411,-0.2018343439560488,0.97,-0.049274235038647696,-0.05033344771102074,-0.04591675191398905,0.4690035628140617,-0.5406704989567129,0.84,0.054633658300336424,0.039418118187021234,0.0393691730215039,0.6364891756985228,-0.5685135782138138,0.8919999999999999,0.9759999999999999,KT
Arid1a_Safe_Tsc2,Arid1a,Tsc2,0.10832183892569938,0.11211454077542696,0.11249357180417863,0.440162162499966,-0.22369216522596533,0.502,0.12987473939800612,0.11769275063413796,0.11066100456441587,0.3356432340871192,-0.1285144300576055,0.3979999999999999,-0.2102825685749457,-0.19955531533316365,-0.19005208383742525,0.09873169508327886,-0.47038533578699304,0.222,-0.18872966810263897,-0.19283949927658417,-0.191884651077188,0.1375099969973992,-0.5490231439497635,0.258,-0.08040782917693957,-0.07824616408866045,-0.07939107927300935,0.08270277262767292,-0.23898863184251967,0.328,0.2381965783237055,0.22786638134967233,0.22315457636859445,0.6638223933457416,-0.2585663392353751,0.32800000000000007,-0.31860440750064506,-0.30739341550212895,-0.30254565564160385,0.17221403112589578,-0.7567542348806758,0.19,0.8759999999999999,KT
Keap1_Lkb1_Safe,Keap1,Lkb1,0.03846890196285916,0.029240236342468723,0.03568025330418043,0.3534810597046078,-0.24351536343003882,0.8380000000000001,0.08293357371168808,0.07177374055556404,0.07245641716975666,0.3308697460401925,-0.17045570309620578,0.53,0.022668972667282836,0.023167811952276206,0.021087536424844112,0.32866129701126134,-0.27530002288792765,0.9019999999999999,0.06713364441611175,0.05370331687254432,0.05786370029042034,0.3155396313856408,-0.20811648308774136,0.6559999999999999,0.10560254637897092,0.09406336727688028,0.09354395359460077,0.3311485041739,-0.14017917011592917,0.44799999999999995,0.12140247567454723,0.10397188338469465,0.1081366704739371,0.5744046443269953,-0.31857577174392426,0.6140000000000001,-0.015799929295576318,-0.014672592076348889,-0.014592716879336325,0.34508627046120044,-0.37395301552403787,0.928,0.9759999999999999,KT
Keap1_Mga_Safe,Keap1,Mga,0.03846890196285916,0.029240236342468723,0.03568025330418043,0.3534810597046078,-0.24351536343003882,0.8380000000000001,0.1172197158587858,0.12092169307850732,0.11871158598570836,0.4089738907918326,-0.1831450711948408,0.43599999999999994,-0.15763513968525603,-0.16873073334909408,-0.16446651064706252,0.1577317963239822,-0.47161062303204276,0.332,-0.0788843257893294,-0.07463519897068065,-0.08143517796553462,0.20002631042963437,-0.4143034073662033,0.608,-0.04041542382647024,-0.04312722879747136,-0.04575492466135418,0.11632003302826685,-0.2085817329878853,0.592,0.15568861782164495,0.16419557214715585,0.15439183928988875,0.504813518324421,-0.20815422275108098,0.42799999999999994,-0.19610404164811518,-0.2009743669324015,-0.20014676395124298,0.14990779370766716,-0.5432475906676498,0.246,0.8759999999999999,KT
Keap1_Rb1_Safe,Keap1,Rb1,0.03846890196285916,0.029240236342468723,0.03568025330418043,0.3534810597046078,-0.24351536343003882,0.8380000000000001,0.20449397022943375,0.18772565277296982,0.19150620221399867,0.525591429624765,-0.14527570501118667,0.256,-0.15379161149528128,-0.14787062836226744,-0.14465507029693497,0.2250304041865505,-0.5063594945362856,0.446,0.012233456771293304,0.022357981137674846,0.01117087861288325,0.3361554460941767,-0.32847832506391694,0.8939999999999999,0.050702358734152464,0.04657074809406615,0.04685113191706368,0.23853938261167437,-0.11675509877858294,0.6339999999999999,0.2429628721922929,0.21974957133541442,0.2271864555181791,0.7193480959365807,-0.23912408684640324,0.3919999999999999,-0.19226051345814044,-0.16787672776699042,-0.18033532360111543,0.293079563480444,-0.7011511208508042,0.496,0.9759999999999999,KT
Keap1_Rbm10_Safe,Keap1,Rbm10,0.03846890196285916,0.029240236342468723,0.03568025330418043,0.3534810597046078,-0.24351536343003882,0.8380000000000001,-0.040853022115509216,-0.03689192781867488,-0.040251086439985255,0.18115561012829814,-0.2821131136542363,0.738,0.0551728420791762,0.04473146097615928,0.054318645931938546,0.3291520755821057,-0.1882948472856659,0.754,-0.024149081999192176,-0.009449468863350068,-0.02161269381222715,0.2671900033851866,-0.33892846856214,0.96,0.014319819963666982,0.012674979443899864,0.014067559491953284,0.16400754352093921,-0.13157559319887316,0.8660000000000001,-0.0023841201526500558,-0.012964599622560202,-0.004570833135804829,0.44086574913920373,-0.39570634503279517,0.942,0.01670394011631704,0.028372388783916125,0.018638392627758113,0.4062805905999779,-0.3981398444828532,0.8759999999999999,0.9759999999999999,KT
Keap1_Safe_Tet2,Keap1,Tet2,0.03846890196285916,0.029240236342468723,0.03568025330418043,0.3534810597046078,-0.24351536343003882,0.8380000000000001,-0.0805222467724701,-0.08041276452490005,-0.0787744055896065,0.14871885701787574,-0.2874801953439888,0.456,0.056461133376039,0.05212946204168174,0.04987125326545332,0.28639833865753245,-0.21889257543782994,0.6719999999999999,-0.06253001535929024,-0.05663548206079866,-0.06458340562833359,0.19496029431355955,-0.369119234055521,0.692,-0.024061113396431088,-0.03132507928437624,-0.028903152324153168,0.1219619553544971,-0.17082475361594301,0.678,-0.04205334480961093,-0.05614318251175367,-0.043094152285426054,0.36742680332319755,-0.398824651726035,0.82,0.017992231413179845,0.027390006229354235,0.01419099996127289,0.3478591596388742,-0.3895685126064658,0.8939999999999999,0.9759999999999999,KT
Keap1_Safe_Trp53,Keap1,Trp53,0.03846890196285916,0.029240236342468723,0.03568025330418043,0.3534810597046078,-0.24351536343003882,0.8380000000000001,-0.15759607396434708,-0.16262216087103054,-0.15841032371816766,0.09346783650754542,-0.41127721869848893,0.24,0.29153652629104787,0.29586223073261286,0.297453455883006,0.5958024916098729,0.0034825188992083926,0.04600000000000004,0.09547155036384167,0.10892457733465888,0.10336287886065787,0.43303939425016325,-0.22910963747644417,0.538,0.13394045232670082,0.13718152194728866,0.13904313216483832,0.3072232558078683,-0.014237304340758887,0.08400000000000007,-0.11912717200148792,-0.13320173990716588,-0.12273007041398723,0.3255708582528107,-0.49370251208992993,0.536,0.25306762432818874,0.2660108402079951,0.2617732025788256,0.6822343255061148,-0.18944808986763192,0.21599999999999997,0.8759999999999999,KT
Keap1_Safe_Tsc2,Keap1,Tsc2,0.03846890196285916,0.029240236342468723,0.03568025330418043,0.3534810597046078,-0.24351536343003882,0.8380000000000001,0.12987473939800612,0.11769275063413796,0.11066100456441587,0.3356432340871192,-0.1285144300576055,0.3979999999999999,-0.164066125853951,-0.14829936353653772,-0.14598456972632165,0.1163501618441957,-0.40202793451463836,0.26,-0.07266028841880404,-0.06768635206692739,-0.07100381846608622,0.21495673317192446,-0.3762430509329074,0.65,-0.03419138645594488,-0.038583313425460196,-0.035323565161905775,0.12329361050879713,-0.1842009027896915,0.634,0.16834364136086527,0.13847655644073104,0.1463412578685963,0.5595638118738493,-0.2769992613460071,0.522,-0.20253502781681015,-0.1818874691478215,-0.18166482303050208,0.22626105525851653,-0.5741396785959847,0.37,0.9668571428571429,KT
Lkb1_Mga_Safe,Lkb1,Mga,0.08293357371168808,0.07177374055556404,0.07245641716975666,0.3308697460401925,-0.17045570309620578,0.53,0.1172197158587858,0.12092169307850732,0.11871158598570836,0.4089738907918326,-0.1831450711948408,0.43599999999999994,0.01917726322889446,0.013359523476321728,0.010330999690290683,0.4207109907310475,-0.3719576898657494,0.96,0.05346340537599217,0.05373852249866923,0.056586168506242374,0.38176291732180667,-0.24674419697846195,0.718,0.13639697908768025,0.12202353554842357,0.12904258567599902,0.39002812011323856,-0.10400377813804709,0.32200000000000006,0.20015328957047387,0.18841926034177692,0.191168003155465,0.5855051547973896,-0.1777726359311529,0.3340000000000001,-0.06375631048279362,-0.05702982380708782,-0.06212541747946598,0.363669378220374,-0.5320444166489039,0.826,0.9759999999999999,KT
Lkb1_Rb1_Safe,Lkb1,Rb1,0.08293357371168808,0.07177374055556404,0.07245641716975666,0.3308697460401925,-0.17045570309620578,0.53,0.20449397022943375,0.18772565277296982,0.19150620221399867,0.525591429624765,-0.14527570501118667,0.256,0.013155205513352003,0.006377636299226386,0.008855227504410475,0.41024204043371854,-0.3706872362369449,0.976,0.13471560203109767,0.12800036572199064,0.12790501254865247,0.4623879038111671,-0.16495330357864418,0.44399999999999995,0.21764917574278575,0.19779648964726285,0.20036142971840915,0.46128212946765534,-0.07728046196839439,0.15399999999999991,0.2874275439411218,0.25396754764339347,0.2639626193837553,0.7124294092072819,-0.1700540150636467,0.238,-0.06977836819833605,-0.07112281210214716,-0.06360118966534618,0.40693360613630297,-0.49440017907358635,0.766,0.9759999999999999,KT
Lkb1_Rbm10_Safe,Lkb1,Rbm10,0.08293357371168808,0.07177374055556404,0.07245641716975666,0.3308697460401925,-0.17045570309620578,0.53,-0.040853022115509216,-0.03689192781867488,-0.040251086439985255,0.18115561012829814,-0.2821131136542363,0.738,0.11023629844137997,0.10531292623894577,0.10754915134138836,0.33666439479025845,-0.11968373079139064,0.3720000000000001,-0.013550297385817325,-0.012556045342068192,-0.005158352268353562,0.2762467191911687,-0.2834099129089503,0.936,0.06938327632587075,0.06615498413741784,0.06729806490140311,0.22497490885461377,-0.08925181584959688,0.4079999999999999,0.042080551596178864,0.03693950363707489,0.03220533072977141,0.40057710317821166,-0.3361488477675617,0.8480000000000001,0.02730272472969189,0.04065895209799493,0.0350927341716317,0.37780619341080757,-0.3322545211955253,0.8460000000000001,0.9759999999999999,KT
Lkb1_Safe_Tet2,Lkb1,Tet2,0.08293357371168808,0.07177374055556404,0.07245641716975666,0.3308697460401925,-0.17045570309620578,0.53,-0.0805222467724701,-0.08041276452490005,-0.0787744055896065,0.14871885701787574,-0.2874801953439888,0.456,0.16749566324798204,0.16317679328675208,0.16592750121757607,0.42981450055728854,-0.09316492223766266,0.20399999999999996,0.004039842763823867,0.020414767212828755,0.014696678458212908,0.3125503694399861,-0.2807772858151435,0.9259999999999999,0.08697341647551195,0.08082787028664734,0.08715309562796958,0.31108858191075117,-0.10271777874191716,0.43799999999999994,0.0024113269392179865,-0.013243267924295608,-0.006317988419849831,0.3203394054243788,-0.32560202178621184,0.942,0.08456208953629396,0.09317704332547042,0.0934710840478194,0.4461375733595393,-0.2594138049727638,0.5920000000000001,0.9759999999999999,KT
Lkb1_Safe_Trp53,Lkb1,Trp53,0.08293357371168808,0.07177374055556404,0.07245641716975666,0.3308697460401925,-0.17045570309620578,0.53,-0.15759607396434708,-0.16262216087103054,-0.15841032371816766,0.09346783650754542,-0.41127721869848893,0.24,0.12337539688795371,0.11945839578430292,0.11620138312041906,0.4370811073277278,-0.2420423934544522,0.508,-0.11715425078808145,-0.1214822426101255,-0.11466535776750529,0.18587001590383387,-0.3992377432615658,0.472,-0.03422067707639337,-0.04354368304384869,-0.04220894059774862,0.13895850766281118,-0.21648794322280512,0.644,-0.074662500252659,-0.087805023290513,-0.08595390654841101,0.3280490036473214,-0.48079628611392344,0.662,0.04044182317626563,0.04080186791704894,0.04374496595066239,0.4794215100029806,-0.40509876710094955,0.8620000000000001,0.9759999999999999,KT
Lkb1_Safe_Tsc2,Lkb1,Tsc2,0.08293357371168808,0.07177374055556404,0.07245641716975666,0.3308697460401925,-0.17045570309620578,0.53,0.12987473939800612,0.11769275063413796,0.11066100456441587,0.3356432340871192,-0.1285144300576055,0.3979999999999999,-0.11153922109806585,-0.10247171072491433,-0.10015846138295896,0.1941946875818652,-0.3685522859236364,0.476,-0.06459805541174782,-0.06809867998816746,-0.06195387398829977,0.21682875777911112,-0.33645525890233985,0.654,0.01833551829994026,0.009733655459450166,0.010502543181456893,0.21624551611734508,-0.1789902870502366,0.946,0.2128083131096942,0.18433734941623736,0.18311742173417253,0.5890026325971497,-0.20716543558200698,0.3580000000000001,-0.19447279480975393,-0.1761513702277122,-0.17261487855271565,0.2270038065920369,-0.5520988659388673,0.376,0.9668571428571429,KT
Mga_Rb1_Safe,Mga,Rb1,0.1172197158587858,0.12092169307850732,0.11871158598570836,0.4089738907918326,-0.1831450711948408,0.43599999999999994,0.20449397022943375,0.18772565277296982,0.19150620221399867,0.525591429624765,-0.14527570501118667,0.256,-0.15619282304110732,-0.13994973828439755,-0.141209664057305,0.18582919641192638,-0.4830824337294645,0.406,-0.06891856867045935,-0.06074443456796287,-0.0684150478290147,0.29552995244057734,-0.44468065705402454,0.788,0.04830114718832644,0.04517732907017119,0.05029653815669365,0.3330613307369565,-0.20723231694812974,0.72,0.32171368608821954,0.31195093003947394,0.310217788199707,0.7668823381300732,-0.1320560076560363,0.17999999999999994,-0.2734125388998931,-0.26723284525306723,-0.25992125004301336,0.17200124995642713,-0.6943621292342685,0.26,0.8759999999999999,KT
Mga_Rbm10_Safe,Mga,Rbm10,0.1172197158587858,0.12092169307850732,0.11871158598570836,0.4089738907918326,-0.1831450711948408,0.43599999999999994,-0.040853022115509216,-0.03689192781867488,-0.040251086439985255,0.18115561012829814,-0.2821131136542363,0.738,0.07992486582908881,0.06420878178978126,0.071355104135628,0.34063333355618236,-0.16010401680005562,0.6399999999999999,-0.0781478721452062,-0.09181321467080608,-0.08760756829006561,0.2715722726133395,-0.4272577459028782,0.62,0.03907184371357959,0.02926871966368596,0.03110401769564274,0.18038870886423547,-0.11859314747456888,0.72,0.07636669374327658,0.0896754815161597,0.0784604995457231,0.48646871627776606,-0.3352600277789259,0.728,-0.037294850029696985,-0.049586303104799646,-0.04735648185008036,0.40763340694422323,-0.47042744178618484,0.84,0.9759999999999999,KT
Mga_Safe_Tet2,Mga,Tet2,0.1172197158587858,0.12092169307850732,0.11871158598570836,0.4089738907918326,-0.1831450711948408,0.43599999999999994,-0.0805222467724701,-0.08041276452490005,-0.0787744055896065,0.14871885701787574,-0.2874801953439888,0.456,0.09401564628079988,0.08822438475860547,0.08918074627831192,0.3305651452005402,-0.18730656952961214,0.47,-0.10372631635045601,-0.11123963532073541,-0.10830524529700292,0.23631384307522996,-0.4340820285312199,0.538,0.013493399508329788,0.006924314832639142,0.010406340688705428,0.18835083131989494,-0.16493308987579144,0.9279999999999999,0.0366974690863157,0.04434145870455339,0.039937180396101855,0.37757073064372076,-0.32164585497880255,0.802,-0.023204069577985913,-0.03747774129875864,-0.029530839707396433,0.3711484439673588,-0.36176147900128364,0.832,0.9759999999999999,KT
Mga_Safe_Trp53,Mga,Trp53,0.1172197158587858,0.12092169307850732,0.11871158598570836,0.4089738907918326,-0.1831450711948408,0.43599999999999994,-0.15759607396434708,-0.16262216087103054,-0.15841032371816766,0.09346783650754542,-0.41127721869848893,0.24,0.12646676724460043,0.13124899541031076,0.12779811126853347,0.3954170001999756,-0.14362108295230563,0.3720000000000001,-0.14834902257853244,-0.15321934636242396,-0.14932379843534255,0.16587985878152195,-0.4689827066582971,0.364,-0.031129306719746654,-0.03146311295842345,-0.03061221244963422,0.13367806412754693,-0.20905525378336645,0.73,-0.04037635810556128,-0.0482513285634515,-0.03969873773245932,0.3988691213366064,-0.46274643612957495,0.858,0.00924705138581463,0.012563374675883407,0.009086525282825109,0.4002148375332915,-0.4132046956043948,0.9339999999999999,0.9759999999999999,KT
Mga_Safe_Tsc2,Mga,Tsc2,0.1172197158587858,0.12092169307850732,0.11871158598570836,0.4089738907918326,-0.1831450711948408,0.43599999999999994,0.12987473939800612,0.11769275063413796,0.11066100456441587,0.3356432340871192,-0.1285144300576055,0.3979999999999999,-0.15498750188479526,-0.13015871788652006,-0.12881830222428206,0.19006072523269524,-0.43391268541870287,0.406,-0.14233247834557494,-0.1429703929734143,-0.13686888364557456,0.1808903223690549,-0.44647402611955533,0.424,-0.025112762486789137,-0.017037524236379716,-0.01815729765986621,0.21839032455995339,-0.25777740903657137,0.88,0.2470944552567919,0.2281406965881113,0.2293725905501242,0.6080647593142438,-0.15237803198910707,0.252,-0.27220721774358103,-0.2442036165138934,-0.24752988820999045,0.13879071981892394,-0.6364430190182004,0.228,0.8759999999999999,KT
Rb1_Rbm10_Safe,Rb1,Rbm10,0.20449397022943375,0.18772565277296982,0.19150620221399867,0.525591429624765,-0.14527570501118667,0.256,-0.040853022115509216,-0.03689192781867488,-0.040251086439985255,0.18115561012829814,-0.2821131136542363,0.738,0.16996446342399735,0.15992197784226345,0.15905646375613247,0.42004753521163846,-0.10267376391663083,0.24,-0.07538252892094563,-0.0773122454536925,-0.07270082489785142,0.25327842334671813,-0.40546001793305,0.668,0.12911144130848812,0.11697421890069999,0.11880537731614722,0.321422330853034,-0.07367222197012042,0.272,0.16364094811392454,0.152650382421376,0.1512551157740134,0.6124754204231403,-0.288546518791222,0.524,-0.03452950680543643,-0.025961817123956066,-0.03244973845786616,0.39229431480678856,-0.46001287718782,0.912,0.9759999999999999,KT
Rb1_Safe_Tet2,Rb1,Tet2,0.20449397022943375,0.18772565277296982,0.19150620221399867,0.525591429624765,-0.14527570501118667,0.256,-0.0805222467724701,-0.08041276452490005,-0.0787744055896065,0.14871885701787574,-0.2874801953439888,0.456,-0.016301730533789943,-0.014933886844253294,-0.018774153162050437,0.2463654361827882,-0.3023099953943137,0.916,-0.3013179475356938,-0.2792892707823237,-0.2890547609656556,0.0470989686681698,-0.6450199670828691,0.116,-0.09682397730626004,-0.09813393438711737,-0.09754855875165692,0.06786016349081414,-0.26633223349445423,0.272,0.12397172345696365,0.10268938809626493,0.11273179662439216,0.5253273720145216,-0.25951667370269343,0.548,-0.2207957007632237,-0.2068027709496571,-0.2102803553760491,0.1817672680339514,-0.6408076036045189,0.292,0.8759999999999999,KT
Rb1_Safe_Trp53,Rb1,Trp53,0.20449397022943375,0.18772565277296982,0.19150620221399867,0.525591429624765,-0.14527570501118667,0.256,-0.15759607396434708,-0.16262216087103054,-0.15841032371816766,0.09346783650754542,-0.41127721869848893,0.24,0.18261312816150013,0.1762279730877468,0.17860304581589143,0.5183674151557978,-0.16973264226564197,0.33000000000000007,-0.1794769160322807,-0.17874374811093646,-0.1713134801162749,0.2194069264750576,-0.5376552173076067,0.362,0.025017054197153058,0.019041544861568154,0.020192722097723752,0.24275418445905791,-0.18945557730746304,0.8520000000000001,0.04689789626508667,0.024004364470968292,0.03309587849583098,0.5306545978987312,-0.4533762325402271,0.9179999999999999,-0.02188084206793361,-0.019059975775806717,-0.012903156398107232,0.5272943605945862,-0.5376999195968089,0.95,0.9759999999999999,KT
Rb1_Safe_Tsc2,Rb1,Tsc2,0.20449397022943375,0.18772565277296982,0.19150620221399867,0.525591429624765,-0.14527570501118667,0.256,0.12987473939800612,0.11769275063413796,0.11066100456441587,0.3356432340871192,-0.1285144300576055,0.3979999999999999,-0.17458616230744842,-0.1640682287875846,-0.16414048775336254,0.07985302294152745,-0.41996545673290325,0.176,-0.24920539313887605,-0.24394259209174746,-0.24498568540294532,0.07332541794977535,-0.5750116695953983,0.146,-0.04471142290944231,-0.052832501239935506,-0.053479483188946686,0.1113211289066043,-0.24117935210797503,0.528,0.33436870962743986,0.29317571773104434,0.3021672067784145,0.7451618675736971,-0.15929604692919352,0.19599999999999995,-0.37908013253688216,-0.35000339655483337,-0.3556466899673612,0.07749226342288519,-0.7685469522335039,0.1,0.8759999999999999,KT
Rbm10_Safe_Tet2,Rbm10,Tet2,-0.040853022115509216,-0.03689192781867488,-0.040251086439985255,0.18115561012829814,-0.2821131136542363,0.738,-0.0805222467724701,-0.08041276452490005,-0.0787744055896065,0.14871885701787574,-0.2874801953439888,0.456,0.2272648048183697,0.22755607356366656,0.2198433150555856,0.49441350095025577,-0.1033693519291482,0.1379999999999999,0.18759558016140881,0.17393574434922973,0.1813199959059644,0.43348120382415345,-0.056328702319469015,0.1359999999999999,0.14674255804589958,0.14243025613140192,0.1410689094659791,0.32816646143186423,-0.05285593390599259,0.1499999999999999,-0.12137526888797931,-0.11788271500004527,-0.11902549202959176,0.17901076345264594,-0.4201177520434212,0.426,0.26811782693387887,0.2551931121804233,0.2600944014955709,0.5751986103480596,-0.054775686048605395,0.10400000000000009,0.8759999999999999,KT
Rbm10_Safe_Trp53,Rbm10,Trp53,-0.040853022115509216,-0.03689192781867488,-0.040251086439985255,0.18115561012829814,-0.2821131136542363,0.738,-0.15759607396434708,-0.16262216087103054,-0.15841032371816766,0.09346783650754542,-0.41127721869848893,0.24,0.2080745047299454,0.2012036085803402,0.20357338941792863,0.47816087552919917,-0.09500910949504858,0.15399999999999991,0.09133145288110756,0.08657173204027596,0.08541415213974625,0.325176273579236,-0.1382358227868445,0.46199999999999997,0.05047843076559833,0.042166793316332205,0.045163065699760994,0.19191987553166062,-0.10446876834982347,0.538,-0.19844909607985628,-0.19826906802331645,-0.19866141015815295,0.18355934213500208,-0.6192692109583162,0.342,0.2489275268454546,0.2459813154533303,0.24382447585791395,0.6499751006423313,-0.1370578096893823,0.22599999999999998,0.8759999999999999,KT
Rbm10_Safe_Tsc2,Rbm10,Tsc2,-0.040853022115509216,-0.03689192781867488,-0.040251086439985255,0.18115561012829814,-0.2821131136542363,0.738,0.12987473939800612,0.11769275063413796,0.11066100456441587,0.3356432340871192,-0.1285144300576055,0.3979999999999999,-0.031411817587144536,-0.02490145126986086,-0.020371984914165538,0.24441059800726642,-0.24137628708701167,0.842,0.1393159439263708,0.1303464532150923,0.13054010609023559,0.3762504946770852,-0.11378133434336475,0.32600000000000007,0.09846292181086158,0.08863050067043536,0.09028901965025031,0.2870057226645819,-0.09482465959371925,0.3720000000000001,0.0890217172824969,0.0749541093919935,0.0704099181244306,0.4314231454915847,-0.30496330091498913,0.706,0.00944120452836468,0.017664732509477435,0.01987910152581972,0.37864830191173743,-0.30406467302424944,0.9219999999999999,0.9759999999999999,KT
Safe_Tet2_Trp53,Tet2,Trp53,-0.0805222467724701,-0.08041276452490005,-0.0787744055896065,0.14871885701787574,-0.2874801953439888,0.456,-0.15759607396434708,-0.16262216087103054,-0.15841032371816766,0.09346783650754542,-0.41127721869848893,0.24,0.23630658937770166,0.22623603539941448,0.22726219933198494,0.4994062234619634,-0.04234366876953513,0.10400000000000009,0.15923276218582466,0.15624439786865807,0.14762628120342375,0.43881179963401123,-0.20024738668676842,0.3600000000000001,0.07871051541335457,0.06861226132931272,0.06885187561381727,0.2710943334314557,-0.13609276621102817,0.498,-0.23811832073681716,-0.23770715589914115,-0.23718472930777418,0.07139360959034081,-0.5434674984506472,0.146,0.3168288361501717,0.2987567923031844,0.30603660492159146,0.6643933135023112,-0.037125297159819895,0.07800000000000007,0.8759999999999999,KT
Safe_Tet2_Tsc2,Tet2,Tsc2,-0.0805222467724701,-0.08041276452490005,-0.0787744055896065,0.14871885701787574,-0.2874801953439888,0.456,0.12987473939800612,0.11769275063413796,0.11066100456441587,0.3356432340871192,-0.1285144300576055,0.3979999999999999,-0.009482092666749986,0.00025850707212113355,0.00125811056197572,0.28119216384604184,-0.2530736508331613,0.996,0.2009148935037262,0.19187417164191048,0.1906935207159981,0.4533977485691739,-0.0715409775245743,0.16599999999999993,0.12039264673125613,0.11464053475965694,0.11191911512639158,0.2907012299193573,-0.07078106167643265,0.21999999999999997,0.049352492625536024,0.021944419687626907,0.03188659897480937,0.35532768330997616,-0.25676601116670705,0.8600000000000001,0.07104015410572011,0.08935173704750833,0.08003251615158222,0.3769654147111397,-0.23193159539064645,0.5960000000000001,0.9759999999999999,KT
Safe_Trp53_Tsc2,Trp53,Tsc2,-0.15759607396434708,-0.16262216087103054,-0.15841032371816766,0.09346783650754542,-0.41127721869848893,0.24,0.12987473939800612,0.11769275063413796,0.11066100456441587,0.3356432340871192,-0.1285144300576055,0.3979999999999999,-0.16309201391601255,-0.1448599027994389,-0.14393327004658588,0.14664555400439921,-0.4139682393450017,0.294,0.12437879944634064,0.12306515715240093,0.12513805823599763,0.4366304925617566,-0.15699100640363206,0.42799999999999994,-0.033217274518006434,-0.03382106294170231,-0.03327226548217001,0.1650450199596253,-0.21556182079955474,0.722,-0.02772133456634096,-0.04558516634198681,-0.04774931915375182,0.3346320159476171,-0.46259131439481993,0.84,-0.005495939951665474,0.005603403930533629,0.014477053671581802,0.44120733108194393,-0.354389309428992,0.976,0.9759999999999999,KT
